{
"username": "^5Marcus",
"check_for_banned_players_time_interval": 5,
"rcon_game_servers": [
{
"game_server_name": "CoD2 Verindra 1.01",
"game_server_ip_address": "85.222.189.119",
"game_server_port": 25864,
"rcon_password": "abc123",
"private_slot_password": "abc123"
}
],
"tinyrcon_server_ip_address": "85.222.189.119",
"tinyrcon_server_port": 27015,
"private_tinyrcon_server_ip_address": "85.222.189.119",
"private_tinyrcon_server_port": 27017,
"tinyrcon_ftp_server_username": "tinyrcon",
"tinyrcon_ftp_server_password": "08021980",
"codmp_exe_path": "",
"cod2mp_s_exe_path": "",
"iw3mp_exe_path": "",
"cod5mp_exe_path": "",
"is_automatic_city_kick_enabled": true,
"is_automatic_country_kick_enabled": false,
"enable_automatic_connection_flood_ip_ban": true,
"minimum_number_of_connections_from_same_ip_for_automatic_ban": 10,
"number_of_warnings_for_automatic_kick": 2,
"enable_automatic_vpn_proxy_ip_address_detection": false,
"proxy_check_io_user_key": "409730-80vn94-4872th-782t10",
"disable_automatic_kick_messages": false,
"use_original_admin_messages": true,
"user_defined_mute_message": "^7{PLAYERNAME} ^1you have been muted by admin ^5{ADMINNAME}. ^3Reason: ^1{REASON}",
"user_defined_unmute_message": "^7{PLAYERNAME} ^1you have been unmuted by admin ^5{ADMINNAME}. ^3Reason: ^1{REASON}",
"user_defined_warn_msg": "^7{PLAYERNAME} ^1you have been warned by admin ^5{ADMINNAME}. ^3Reason: ^1{REASON}",
"user_defined_kick_msg": "^7{PLAYERNAME} ^1you are being kicked by admin ^5{ADMINNAME}. ^3Reason: ^1{REASON}",
"user_defined_temp_ban_msg": "^7{PLAYERNAME} ^7you are being ^1temporarily banned ^7for ^1{TEMPBAN_DURATION} hours ^7by ^1admin {ADMINNAME}.{{br}}^3Reason: ^1{REASON}",
"user_defined_ban_msg": "^7{PLAYERNAME} ^1you are being banned by admin ^5{ADMINNAME}. ^3Reason: ^1{REASON}",
"user_defined_ip_ban_msg": "^7{PLAYERNAME} ^1you are being permanently banned by admin ^5{ADMINNAME}. ^3Reason: ^1{REASON}",
"user_defined_ip_address_range_ban_msg": "^7Admin ^5{ADMINNAME} ^7has ^1banned IP address range ^5{IP_ADDRESS_RANGE}. ^3Reason: ^1{REASON}",
"user_defined_name_ban_msg": "^7Admin ^5{ADMINNAME} ^7has ^1banned player name: ^7{PLAYERNAME}",
"user_defined_name_unban_msg": "^7Admin ^5{ADMINNAME} ^7has removed previously ^1banned player name: ^7{PLAYERNAME}",
"user_defined_city_ban_msg": "^7Admin ^5{ADMINNAME} ^1has globally banned city: ^5{CITY_NAME}",
"user_defined_city_unban_msg": "^7Admin ^5{ADMINNAME} ^1has removed previously banned city: ^5{CITY_NAME}",
"user_defined_enable_city_ban_feature_msg": "^7Admin ^5{ADMINNAME} ^7has enabled ^1automatic kick ^7for players with ^1IP addresses ^7from banned cities.",
"user_defined_disable_city_ban_feature_msg": "^7Admin ^5{ADMINNAME} ^7has disabled ^1automatic kick ^7for players with ^1IP addresses ^7from banned cities.",
"user_defined_country_ban_msg": "^7Admin ^5{ADMINNAME} ^1has globally banned country: ^5{COUNTRY_NAME}",
"user_defined_country_unban_msg": "^7Admin ^5{ADMINNAME} ^1has removed previously banned country: ^5{COUNTRY_NAME}",
"user_defined_enable_country_ban_feature_msg": "^7Admin ^5{ADMINNAME} ^7has enabled ^1automatic kick ^7for players with ^1IP addresses ^7from banned countries.",
"user_defined_disable_country_ban_feature_msg": "^7Admin ^5{ADMINNAME} ^7has disabled ^1automatic kick ^7for players with ^1IP addresses ^7from banned countries.",
"user_defined_protect_ip_address_message": "^1{ADMINNAME} ^7has protected ^1IP address ^7of {PLAYERNAME}^7.{{br}}^5Reason: ^1{REASON}",
"user_defined_unprotect_ip_address_message": "^1{ADMINNAME} ^7has removed a previously protected ^1IP address^7.{{br}}^5Reason: ^1{REASON}",
"user_defined_protect_ip_address_range_message": "^1{ADMINNAME} ^7has protected ^1IP address range ^7of {PLAYERNAME}^7.{{br}}^5Reason: ^1{REASON}",
"user_defined_unprotect_ip_address_range_message": "^1{ADMINNAME} ^7has removed a previously ^1protected IP address range^7.{{br}}^5Reason: ^1{REASON}",
"user_defined_protect_city_message": "^1{ADMINNAME} ^7has protected ^1city {CITY_NAME} ^7of {PLAYERNAME}^7.",
"user_defined_unprotect_city_message": "^1{ADMINNAME} ^7has removed a previously ^1protected city: {CITY_NAME}",
"user_defined_protect_country_message": "^1{ADMINNAME} ^7has protected ^1country {COUNTRY_NAME} ^7of {PLAYERNAME}^7.",
"user_defined_unprotect_country_message": "^1{ADMINNAME} ^7has removed a previously ^1protected country: {COUNTRY_NAME}",
"automatic_remove_temp_ban_msg": "^7{PLAYERNAME}'s ^1temporary ban ^7[start date: ^3{TEMP_BAN_START_DATE} ^7expired on ^3{TEMP_BAN_END_DATE}]{{br}}^7has automatically been removed. ^5Reason of ban: ^1{REASON}",
"automatic_kick_temp_ban_msg": "^7Temporarily banned player {PLAYERNAME} ^7is being automatically ^1kicked.{{br}}^7Your temporary ban expires in ^1{TEMP_BAN_END_DATE}.{{br}}^5Reason of ban: ^1{REASON} ^7| ^5Date of ban: ^1{TEMP_BAN_START_DATE}",
"automatic_kick_ip_ban_msg": "^7Player {PLAYERNAME} ^7with a previously ^1banned IP address ^7is being automatically ^1kicked.{{br}}^5Reason of ban: ^1{REASON} ^7| ^5Date of ban: ^1{BAN_DATE}",
"automatic_kick_ip_address_range_ban_msg":  "^7Player {PLAYERNAME} ^7with an ^1IP address ^7from a previously ^1banned IP address range ^7is being automatically ^1kicked.{{br}}^5Reason of ban: ^1{REASON} ^7| ^5Date of ban: ^1{BAN_DATE}",
"automatic_kick_city_ban_msg": "^7Player {PLAYERNAME} ^7with an IP address from a ^1banned city: ^5{CITY_NAME} ^7is being automatically ^1kicked.",
"automatic_kick_country_ban_msg": "^7Player {PLAYERNAME} ^7with an IP address from a ^1banned country:  ^5{COUNTRY_NAME} ^7is being automatically ^1kicked.",
"automatic_kick_name_ban_msg": "^7Player {PLAYERNAME} ^7with a previously ^1banned player name ^7is being automatically ^1kicked.{{br}}^5Reason of ban: ^1{REASON} ^7| ^5Date of ban: ^1{BAN_DATE}",
"current_match_info": "^3Map: {MAP_FULL_NAME} ^1({MAP_RCON_NAME}^1) ^3| Gametype: {GAMETYPE_FULL_NAME} ^3| Online/Offline players: {ONLINE_PLAYERS_COUNT}^3|{OFFLINE_PLAYERS_COUNT}",
"use_different_background_colors_for_even_and_odd_lines": true,
"odd_player_data_lines_bg_color": "^0",
"even_player_data_lines_bg_color": "^8",
"use_different_foreground_colors_for_even_and_odd_lines": false,
"odd_player_data_lines_fg_color": "^5",
"even_player_data_lines_fg_color": "^5",
"full_map_name_color": "^2",
"rcon_map_name_color": "^1",
"full_game_type_color": "^2",
"rcon_game_type_color": "^1",
"online_players_count_color": "^2",
"offline_players_count_color": "^1",
"border_line_color": "^5",
"header_player_pid_color": "^1",
"data_player_pid_color": "^1",
"header_player_score_color": "^4",
"data_player_score_color": "^4",
"header_player_ping_color": "^4",
"data_player_ping_color": "^4",
"header_player_name_color": "^4",
"header_player_ip_color": "^4",
"data_player_ip_color": "^4",
"header_player_geoinfo_color": "^4",
"data_player_geoinfo_color": "^4",
"draw_border_lines": true,
"ftp_download_site_ip_address": "85.222.189.119",
"ftp_download_folder_path": "tinyrcon",
"ftp_download_file_pattern": "^_U_TinyRcon[\\._-]?v?(\\d{1,2}\\.\\d{1,2}\\.\\d{1,2}\\.\\d{1,2})\\.exe$",
"plugins_geoIP_geo_dat_md5": "01232a637b90a2af4331b0a27b3de5e8",
"images_data_md5": "75dd73bd7fd0820eaec1b90b32ca6e8a",
"spectate_time_delay": 250
}